"","text"
"1","   rangking jadikan beliau  periode"
"2","   riode   ncaian maksimalmenjadi no "
"3"," yg mangkraaakkkk   oyek hambalang lo  udah mo abis  riode ber "
"4"," nasdem dukung jokowi   riode jokowi  selesai  nasdem sah  usung sia "
"5","tetafokus jokowi  periode that is the int jokowilanjut tetaokowi jokowimaruf jokowimarufamin"
"6","hidujokowi pdip  periode"
"7","sia n cawaes intinya jokowi   riode jokowilanjuttetaokowi jokowimarufjokowimarufamin"
"8","ta k jokowi  riode  "
"9"," sederhana  les    masyarakat mengangga riode jokowi memimn masyarakat meng "
"10","  "
"11"," pembangunan infrastruktur    terbukti mam menahan laju inflasi da riode jokowi a "
"12","   presiden jokowi maju  riode ga  yg  otes   esiden jabat negara  "
"13"," geber   udah  litikhadiah  mr esiden jokowi  riode    nya sia "
"14"," hahagua bkn relawan g  urusan sm wacana  riode gua cmn "
"15"," muter aan elu aja yg bingung  nuduh orang mutery "
"16","  trsemang  runya jokowi menyetujui wacana  riode c "
"17"," brrti kau  g rnah nonton tv   jokowi  sign "
"18"," itukan ivat jetnya surya loh sp  mendukung    totalitas  "
"19","  relawan tdk sehat yg bcr  riode jls   k jokowi "
"20","  sumbar  jokowi kalah ttetamenang  sm riode "
"21","  total rdagangan indonesiaeaeu tercatat  usd  miliar  riode  eksr indonesi "
"22"," lha kalo  org n anies jdi esiden a salahrelawan k "
"23"," cebong i w kadrun mabuk s onta hah w  o  riode keluarga w  coblos jokowi w anti cc "
"24","  riode"
"25"," emang ganjar an erick jokowi nggak da  kamnye kemaren  istora yg  riode  a nggak melanggarhadeeeuh"
"26","rakyat bingung relawan jokowi  kasak kusuk urusan coas caes  periode  jokowi  ga laku  "
"27"," ngga  kau bilang kehendak tuhan jokowi  presid "
"28","wajar rakyat kecewa  merintahan    rakyat ngin rubahan rakyat   nundaan "
"29"," buseh orang jokowi  periode"
"30","  "
"31"," emang   yg dukung jokowi  riode  nundaan milu ormas intoleran ya bong "
"32"," iyain ajalah biar loe senang  narasinya   ksakan  "
"33","   jokowi udh  periode  laah wan anus   calon  "
"34"," mengharaan jokowi mundursami  kiamat n si boneka jokowi nggak   mundurmalah   rio "
"35","periode   pa  hebat "
"36"," tito    bangsadi  isu jokowi  riodedi  satgassus mp sambodi  isu otonom "
"37","   nge tweet jokowi  riode sal"
"38","prestasi puan maharani munafikun sahkan uu ikn   musnahkan  kota jakarta dikritik rakyat kar "
"39"," tito    bangsadi  isu jokowi  riodedi  satgassus mp sambodi  isu otonom "
"40"," tito    bangsadi  isu jokowi  riodedi  satgassus mp sambodi  isu otonom "
"41"," jokowi ga salah k mafianya yg salah jokowi org  yg berjuang    riode  "
"42"," kena malu  da jamanya k jokowi nuntutnya   kemana da riode esiden yg  lucu "
"43"," kl   keuntungan jokowi mah   riode rtama uda dibikin  yukgunakanakalsehat"
"44"," keknya sing ra ngotak koe nojokowi ddi walkot  riode ddi gubernur  ri "
"45","ciriciri orang masuk surga  nemenin carnya eyelash  nails artsam jokowi  riode   kelar "
"46"," an lihannya jokowi teta riode "
"47"," ttejokowi esiden  riode"
"48"," salah  ajak jokowi  salahsaya dukung utk bera riode n  "
"49"," ktya gak rcaya k jokowiknoni  riode   takutcoba "
"50"," jokowi berkalikali menyamikan tdk bersedia utk   riodekrn konst "
"51"," rezim  dpr riode  mencatatkan nama meraka  sejarah mematikan demokrasi indones "
"52"," lo yg bodohjelas jokowi sdh  riode goblok lo"
"53"," mantakdet tolong  riode aja ya"
"54","   cm berkir jokowi orang  tdk nya beban am dendam    sami beliau "
"55","  terlih mas  ngefans  keluarga k jokowi  riode   esiden   j "
"56","ruarrr biasaaahh agendareencanaplan rezim oligarki   a jokowi  periodeb penundaan pemilu c "
"57"," ham   ketololan elo dimana  kodran kadrun  ntaran dikit g deh  udah tol "
"58"," alhamdulillah yaa  jokowi berhasil   ndukung  "
"59","  anak  lahir kemarin sore kali ya  tandanya anis besuk menjabat ri   riode lihat nih con "
"60","  sy   dlm litikkarna litik  dinamisnarasi diats sma jg ktika nasdem dukung "
"61","   anies kalahkan sby  jkw  sby   jokowi  terbukti  presiden "
"62"," kalo flashback  riode   jokowi  gila ya badainya kadang heran beliau  kokoh bertahan  "
"63","   kadrun ta  rakyat indonesia  mencintai esiden jokowi dn klo uu  rbo "
"64"," lha santai aja kali pemilu   d  ogr "
"65"," jokowi  riode   setuju mamak "
"66","   maksud sia jokowi  berkali kali  siaran resmi  esiden    "
"67"," hamr  riode bani kadrun  kegaduhan  memovokasi ndukung jokowi   skrg be "
"68","presiden jokowi taat  konstitusi    menjabat   riode  laksanaan milu tetases "
"69","   rsen jg terserah yg  bicarakan yg  p jokowi  riode  masyarakat"
"70","yg bahaya  ri  klw jokowi  riode  rakyat  melarat  rakyat china  jaya "
"71"," jokowi  periode"
"72"," ni ambruk  bs  riodebong idiot"
"73"," lha emang iya  cuci tangankasian yg sdh ngadrun  riode ga diakui  ga dat suaranya "
"74","seandainya  jalan tol  kemacetan serti  takkan terjadimuda mudahan disisa riode    "
"75","  periodedan ntah sdh bera  dosa nyadi  ngagum nya ber "
"76","  rnah main kelosok solok selatan nduduk nya cinta jokowikrn luhan tahuntanah "
"77"," mmg   kerja cuku riode dilih stlh  masuk kotak"
"78","indonesia timur memenangkan nasdem  milu kemarin  memilih jokowi  esidenselama hamr  riode "
"79"," partai ngusung   muak "
"80"," disayangkan jokowi    periodeseandainya   riode ssti kelih lagisehat  bk presiden jokowi"
"81"," stok jgn jual negara  and umnkan ibukota  jangkauan china  australia  biarkan nj "
"82"," ngain lu bahas gub yg udh rna tugas kocak lupr "
"83","  dukung jokowi  riode"
"84","  jaman kamnye jokowi riode rtama emang  naek ivate jet "
"85"," daridulu jaman jokowi riode  jg udh naek ivate jet "
"86","terimakasih k   riode  ringkat    sisi  "
"87","  menderita  k dhe  presiden  gerombolan koruptor bajingan orde   "
"88"," pemberian allah swt yg tut  syukuri  ri  jokowi  riode"
"89"," mending rcaya jokowi  riode"
"90"," jokowi manta riode lawan  pdi"
"91"," jokowi aja d  riode nggungnya ambruk "
"92","manusi dungu   yg  merkan sumbar riau dn aceh sdh jlas  riode    milih k jo "
"93","  sawat chaeteran seandainyan difasilitasi  jokowi  difasilitasi surya "
"94"," dukung  riode   alasannya   caes yg    jokowi "
"95"," ya gimana gak gundah gulanasialnya klo  gak   riode  esiden   lihan ol "
"96"," analisis menarik am tajam ttg ran oligarki jokowi  periode penundaan pemilu dukung presid "
"97","  buzzer jokowi  riode"
"98","  esidennya  jokowi  riode "
"99"," jokowi  riode si"
"100"," kalyean  lih bu an jd esiden  a k jokowi nambah riode   riode"
"101"," hidujokowi  riode hiduesemkagitu aja koq ret  anies suka ngibul ngibulin warga "
"102"," yg ga tenang tuh yg krasak krusuk nyari  drun blm  nya kamn "
"103"," ta beliau  esiden sm riode sdgkan   gembel yg kelaran  hidu "
"104","  vote jokowi  riode"
"105","meningkatnya elektabilitas  mengejutkan   track record  estasinya   "
"106","  kena stroke otak     mati rizal ramli akibat kalut kiran jokowi   riode"
"107"," tum akah    mencegah  jokowi biar ga  riode "
"108","buzzer samhnya wan ngibul aka wan got aka raja  bayar doyan  bkin tagar kaya giniloe mah  seuit "
"109"," kualitas orang yg suka kritik merintah   pantes aja "
"110","  riode  k prabowo next k ganjar "
"111","  namanya  ijin am kendak allah swt k jokowi  esiden insyaallah sami  riode   "
"112"," telat ente nih  terbaru lanyalla silahkan jokowi  periode "
"113","    k jokowi  riode indonesia  "
"114","memilih ganjar   memilih jokowi  riode "
"115"," fir kafir  gak  fir  aja   merintah   kuasai "
"116"," hahahakau yg minum obat dulukan sdh ku bilang gak nting pdip gak laku  "
"117"," aaan hoax lo keliling dunia jg orang tau klo jokowi  riodedasar bodoh"
"118","   ndukung jokowi  riode"
"119","prestasi puan maharani munafikun sahkan uu ikn   musnahkan  kota jakarta dikritik rakyat krn "
"120","lo aman gue dukung jokowi  riode"
"121"," jokowi sih ga rlu kamnye   riode  ribut banget ra "
"122"," jokowi presiden  periode"
"123"," liat raeni aje bikin  muntah algi   riode  allah guwe sdh kgk minat lg  loe joko "
"124"," pdip tdk menang  sumbar tmenang  temt lainhahahapak jokowi tdk mena "
"125","jokowi mania   relawan jokowi   jokowi  periode "
"126","hiduk semoga   riode selanjut nya "
"127"," bknny dh heboh klu jokowi dimodali kelomk yg dibilang  naga "
"128"," ngomong    beda kelas k jokowi esiden  riode  ser riode gubernur "
"129"," kadrun triak jokowi mundur cebong triak jokowi  periodeloe de lih  gw lih yg no   a loe "
"130"," lanyalla silahkan jokowi  periode "
"131"," gila sik heru budi  penjabat gubernur dki jakarta pan  presiden joko widodo kek deseu ber "
"132"," remehin jokow "
"133","gerakan relawan jokowi dicurigai  agenda dukung presiden  periode politikus pdip konstitusi membatasi "
"134","jokowi mania   relawan jokowi   jokowi  periode  "
"135"," skenario   dimainkan  oligarki  jokowi  periode pernjangan  jabatan presiden jok "
"136","   diadan yg  kebijakan   presidenku   p "
"137"," dah  riode jokowi ngain aja "
"138"," ta giliran ndukung jokowi   riode kadrun autokejang"
"139","  bener  goblok hahahahakalo jokowi  bodoh   rakyat r "
"140"," perasaanmu  drun  jokowi sih nyantai uda  riode  presiden yg ngak nyaman  "
"141"," lha ngain bar jokowi presiden  riode  fakta  bantah"
"142"," luh gak ngerti kalo jokowi dah bingung   riode a rnjang milu"
"143","  lo dijambang lo dimn jokowi  riode  aja lo nggak s "
"144"," yg takut tuh  klo k jokowi  riodemau bukti"
"145"," ayo drun turunkan jokowi     biarkan jokowi  esiden sami  riode semangaatt "
"146","tebak   manayang bener brrti dukung jokowi  riode "
"147","  k jokowi a susah nya mundur sih habis mundur  melangkah maju  biar ra kadru "
"148"," gw milih jokowi  riode  ga  lih calon yg dilih jokowi alagi  i"
"149","jokowi berkuasa hamr  riode    gerakan  gerakan  menerus dilancarkan  menumbangkan "
"150","tujuan kib  membujuk jkw   riode gembongnya rerata harmoko jaman now terbukti k jokowi taat konstit "
"151","permasalahan   diselesaikan  jokowi  riode "
"152","presiden jokowi da riode    fokus da ndidikan  ngembangan sdmjokowibangunsdm"
"153","   periode  jokowi bilang    ta kena menjelang  jabatan   "
"154","  skerdil cr brkirmu badrun bin batak kadrunjkw  rlu dkungan org nyinyir modal kbencian "
"155"," kena riode  jokowi kyak gt salahkan warga bodoh yg dimainkan  agama ma "
"156"," buzzer asu edan nik  isu  riode dahal tiademo  jokowi turun dasar gerombolan idiot"
"157","   rnyataan nolakan presiden jokowi  wacana  riode "
"158","   rnyataan nolakan presiden jokowi  wacana  riode "
"159","   rnyataan nolakan presiden jokowi  wacana  riode "
"160","   rnyataan nolakan presiden jokowi  wacana  riode "
"161","   rnyataan nolakan presiden jokowi  wacana  riode "
"162","presiden jokowi menolak wacana jabatan presiden   riode "
"163","presiden jokowi menolak wacana jabatan presiden   riode "
"164","presiden jokowi menolak wacana jabatan presiden   riode "
"165","presiden jokowi menolak wacana jabatan presiden   riode "
"166","presiden jokowi menolak wacana jabatan presiden   riode "
"167","   rtanyaanmu serti  rtanyaanmu    bera t "
"168","jokowi otw  riode "
"169"," yes  jokowi  riode"
"170"," tetaaja jokowi  esiden  riode  lolemang suara sumbar bera sih"
"171"," sumbar dn aceh    riode les tdk mendukung esiden jokowi sumbar dn aceh tdk ngaruh keda "
"172","menjabat  riode presiden jokowi mantu  kalikira total sumbangan  didat beracc "
"173","   cebong yg nikta raja cebong n  nik   "
"174","a  maksain  riodeudh sti  chaos  njuru negeri "
"175"," lih jokowi  riode aja bg"
"176","  ti ganti esiden krna jokowi udah  riodejd yg  mksd rubahan n ganti  a nya"
"177","relawan kecam snduk jokowi  periode    gbk   sekat "
"178"," tolol curi star  jokowi kumlin relawan   ngain emang   riodetolol"
"179"," lho demokrasi  sah sah   ndat  ndat ngawurmu ituya "
"180","  rakyat indonesia  sehat akal  budinya menganggak jokowi layak   jadikan esi "
"181"," gebukin   tau mundur  manusia beradab  digebukin  mundur  c "
"182"," cebong  mnyebar diseluruh indonesia ygmemilih jokowi  "
"183","  isue  riode  k jokowi tetanya ngaruh sami ujung  jabatannya ilmu mu k "
"184"," terserah  tu jd firasat a kode alamtyg ti jokowi sdh  riodekadrun  st "
"185"," pernjangan  jabatan     riode inkonstitusionalpemakzulanimachment jokowi  "
"186"," gak  esiden  riode  ogah  sidang mpr  udah  dr  anggota dpr mpr jd ga "
"187"," jokowi  periode"
"188"," drun ente ga rlu sibuk urusin utang negara biarkan  jokowi  tim nya yg urus biarkan jokowi  riode"
"189","presiden jokowi menolak wacana  jabatan  periode "
"190"," baiknya bak jokowi  riode  kadrun  kelojotaneeengga  ding uu nya "
"191","    presiden  calon itun kalo  tweet serti  yg  ndukung jok "
"192"," snduk  periode  acara gbk sukarelawan jokowi kasih peringatan  emosional "
"193"," ketakutan a ya jokowi rna tugas riode  a yg beliau takutkan "
"194"," lu  jokowi mundursaya  jokowi  riode "
"195"," takut aan joman  mendukung ga  kecurigaan  jokowicuma congoran lu doang  bacotin "
"196","   tdk  dikabulkan  jokowi gitu loh berkuasa nuh  indonesia  jam sehari seta "
"197","  kebalik  lanyalla  gk ngajak org dukung jokowi  riode kecuali  bis "
"198"," trs kena  takut  jokowi maju  riode  rtanyaanya drun"
"199","setuju tolak jokowi  periode  pemilu dipercepatperiodeanarkisdemokrasiperiodeanarkisdemokrasi "
"200","rakyat bersatu menolak keras jokowi  periode  bikin negara  hancurrakyat  pemilu dipercepat "
"201","  lihan  rakyat tolak jokowi  periode  pemilu dipercepatperiodeanarkisdemokrasi "
"202","kalo   rakyat dicekoki berita lsu diduga selsu identitas  ijazahnya negara  hancurtak a "
"203","   rakyat indonesia     memilih esidenyaitu memilih bak jokowi  "
"204","ketua relawan jokowi mania joman immanuel ebenezer alias noel menilai isu  menyerukan presiden jokowi  ri "
"205"," jokowi  periode"
"206","  jokowi udah menang berkali drun kadrunmenang jd walikota solo  riode menan "
"207","rakyat  pemilu dipercepat  jokowi  periode periodeanarkisdemokrasi periodeanarkisdemokrasi "
"208","rakyat  pemilu dipercepattolak keras jokowi  periode periodeanarkisdemokrasi "
"209"," yg nikmati jokowi  riode  ong  kenyang udah siaan nerusnya gubernur bokesebagai esiden boneka"
"210"," bajingan  pengkhianat manusia njilat  munafik berkuml  era jokowi berkuasaharus percepat pemi "
"211"," bajingan  berkuml dijaman jokowi berkuasarakyat  pemilu dircet tolak keras jokowi  peri "
"212","  jokowi kalah telak piles  periodepdip  minim kursi mukai  dprd ting "
"213","hancurkan oligarki cina sumber bencana indonesiaperiodeanarkisdemokrasiperiodeanarkisdemokrasitolak keras j "
"214"," yg demokrasi  serti a kkn tumbuh subur    jabatan memobilisasi  manut jokowi "
"215","  klo  yg bilang  masyarakat indonesia  k jokowi   ato  riode  gim "
"216","masyaallah  norma ternggirkan akibat nafsu serakah  berkuasatolak keras jokowi  periode  "
"217","kalo  mam berestasi  ijazah serba palsu   pengkhianat bangsa  negaratolak jokowi  "
"218"," imam m "
"219","macé torang setuju sekat  riode utk kdhe samikan salam utk pacé "
"220","bencana alam silih berganti tamknya gsemerutidak tahan meluaan amarahnya tanda  pemimn zalim ngkhian "
"221","jokowi   mengumlkan manusia brengsek estasi  hatinyamanusia   ntar disingkirkanakibatn "
"222"," terserah kau kadrun kuet  lih   yg sti k jokowi   skrg  menjala "
"223"," dijaman jokowi pejabat kelakuan brengsek msh   menjabatmasih  jokowi  periodeperiode ha "
"224"," makmur dijaman jokowi   oligarki pejabat koruam neo pki     juta rakyat menderi "
"225"," udah   riode  cuku  nih kayak takut   jokowi udah gak menjabat kayak "
"226","indonesia  terruk dimn  pemimn serba palsu  pengkhianat bangsa  negaratolak jokowi  perio "
"227","  asrasi  riode rjuangkan "
"228","  amanah  allah swt  rakyat   emban "
"229"," jokowi   riode"
"230","sia   indonesia dimn jokowi  periode negara hancur utang segunung anak bangsa tercah belah "
"231"," rakyat  waras otaknya  jokowi   riodejokowi esiden yg  cintai rakyat"
"232"," jokowi  riode"
"233"," tetaimigran kanjokowi  mantan walikota solo  riode gubernur d "
"234","   element rakyat  jokowi   riode"
"235"," klo ngedit yg kreatif lahh  tgl  foto nya berbedaitu jaman jokowi riode rtama msh men "
"236"," jokowi  riode"
"237"," gw  kadroen tolol gw ndukung jokowi  riode"
"238","  hasrat  riode   membahayakan bangsa "
"239"," hahahahaha cari info  yg bener heru  jabat karir  pemda dki  bawa "
"240"," mna bukti nya  nunjukn gk klo  yg   riode klo yg  relawan nya wa "
"241"," jokowi  riode"
"242","teriakan jokowi  periode ketua jokowi mania menilai  etis bangsa  carut marut "
"243"," cm masyarakat yg  p jokowi  riode"
"244","pengaruh k jokowi dlm raihan suara   bera  suara pdip da  terlih esiden  riode  "
"245","warga negeri a ndukung si nganu ketar ketir  jokowi  gandeng gp  takut sakit hati yg r "
"246","  deh ngga   kerja s   kebayang ngga   bene "
"247","pernikahan kaesang  rnikahan ketiga  digelar  presiden jokowi  hamr sembilan  menjaba "
"248","   andi widjajanto  sekretaris kabinet  kambing hitam   hubungan dingin jokowi  "
"249"," ndukung jokowi n  mencari kenyamanankenyamanan  meleskan esiden  riode isu rnjan "
"250","  riode "
"251"," klean ga cak ya  riode tereak gn jatuhin jokowi ta gagal mulu masyarakat "
"252"," s berimbang gw lbh setuju diadakan referendum lihannya jokowi turun     riode "
"253","  jokowi yg lu jelekin  udah  gub jateng gub dki  jd esiden  "
"254","jokowi   nya darah biru  mimn rtai   litikus kondang   presiden  in "
"255"," benergaji kagak    harga naikjak ud mencekek kayak drakula smua rah men "
"256","   fans prabowo     "
"257"," jgn ambil sing langsung lih prabowo aja  les  jgn lih yg    sdh  "
"258","  kemimnan jokowi riode    kentingan jk yg terusik"
"259","ketua relawan jokowi mania joman  relawan jokowi terbelah bebera faksi   cari uang dukung jokowi "
"260"," jokowi  periode"
"261"," gak ngaruh drun suara loe buktinya jokowi tetamenang  riode"
"262","  yg  jokowi  riode  aja  makar tu "
"263"," emang  wktu jokowi mo  riode ga  bu jan  liat skrg  negeri udh ancur an    an "
"264"," bener om ta  surya loh  yg mendukung jokowi  riode"
"265"," aneh ya kena maksa jokowi mundur  jabatantbegitu  relawan yg  jokowi   "
"266"," pencaian jokowi  riodemenikahkan  anaknya  mnjdikan anak  mantunya  walikotasalute"
"267","informasi  rubahan konstitusi tetang nambahan periode     riode jabatan presiden  men "
"268"," lingkaran luhut yg kaya raya   riode  esiden  kenyang mrk siaan ganjar nerus jokowi"
"269"," suruh  riode biar beban  den diselesaikan jokowi ga  kasih yg laindengar jokoi  riode "
"270"," jokowi gentle dak   malumaju trus an   terselesaikanpresiden terbaik  r "
"271"," kadal buluk kadang suka bener dikit otaknya utang soeharto  si kebo mangkrak diakumulasik "
"272","  jokowi suruh mundur kmnamundur kebelakang rumah sabarsabar sti k jokowi mundur  "
"273"," jk   oligarki belio hrs selamat  keluarga am hartabendanya  j "
"274","   o jokowi abila uu konstitusi mengizinkan   jokowi   riode setuju gk "
"275"," ntar  jan ethes  presiden jokowi  riode dilanjutkan ama kaesang  periode diteruskan a "
"276"," goblok   riode a elu gak mikir wkwkwk"
"277"," pendukung nya sti bilang jokowi hebaaaatbayangin klo  menjabat  riode laut dn langit   jual  aseng"
"278","  bekal   analisis terhadaosk rekonomian indonesia  den    a "
"279","memarkan teori maun emris rekonomian indonesia  era jokowi   selayang ndang  riode  "
"280","catatan frans seda rnah menjabat menteri keuangan periode   frans seda  saj "
"281","berita  mengejutkan  orang  hebatnya presiden  bak ir h joko widodo  memrhatikan raky "
"282"," yah gimana ya bro jokowi  jabat x riode      jabatannya waja "
"283","   lintas kabuten  teruskan rjuangan sam kelar riode "
"284"," gausa sokan black camign anies ntar gw counter sma janji  realisasi "
"285"," a bedanya ngana dgn cebong ndukung jokowi yg   dat  riode"
"286"," kadrun bego halu keterusan ga  terima kenyataan jokowi  menang  "
"287"," ong cs  momen tanam budi  omosi ganjar nerus jokowi  kenyang  riode ya ng nambah nih "
"288"," setiahari orang gila suruh esiden mundur ta nggak rnah berhasil  berharak jokowi  riode "
"289","  mayoritas rakyat  k jokowi  riode  "
"290"," gw main jokowi  riode  ga woiiiii  ga  woiiiii"
"291"," kuat sinyal  riode "
"292","   dendam  barisan orang  kelomk yg kecewa  sakit hati yg berkenjangan  joko "
"293","rocky gerung megawati takkan kabulkan kemauan jokowi usung ganjar ataun periode "
"294"," gambar koleksi hp mu  dg ra ahli "
"295"," ya ngeri  kalo  orang yg ngakuny "
"296"," lu  munafik  lu bilang  "
"297"," kalo   acara litik  joko "
"298","  warga negara indonesia  lintas benua  jokowi tujuh riodea loea loe"
"299"," kalo  jokowi  riode   gerombolan kadal buntung  langsung kelojotan dijamin stro "
"300"," indonesia dasarnya ncasilasilanya  limademokrasi negaranyaayo jokowi  riode"
"301"," indonesia menaraan four year plan  diakhir four year plan jokowi   riode"
"302"," ok   gak tau  inform "
"303"," menolak kedatangan anies kau labeli cebong bs   ndukung prabowo  diaceh suara joko "
"304"," gak komenttolong tanyain aja  jokowi esemka a kabar yg  janji kamnyenya udah  ri "
"305"," orang    berkuasa  riode   s "
"306"," yg mendukung  riode  dasar kirnya  a yg sdh   presiden jokowi t "
"307"," kadrun kejangstresdeesi  mudahcukugaungkan   jokowi  periode "
"308","ambil hikmahnya  mantapak jokowimainkan  riode "
"309"," ta tolong  jgn niat suci bak tsb belok krn kentingan  yg dtg menikungdan sudahi dgn "
"310","  jokowi  sukarela sbg esiden  riode  "
"311"," jokowi memikirkan  riode  "
"312","  rcaya  ta  ndukung jokowi   riode kadrun udah ngamuk"
"313"," membaca antusiasnya masyarakat menyambut kehadiran anies   calon esi "
"314","tebak bera  nama daerah  ntt  disebutkanbener bersyukur jokowi menang   riode inintt da "
"315"," lanyalla silahkan jokowi  periode "
"316"," warisan utang sby bera utangan yg riode esiden beramana   yg  "
"317"," embok setuju k dhe  riode kalo  sih yes"
"318"," bangga gw nya esiden jokowi beliau  riode indonesia   maju ngalahin malaysiathailand"
"319"," ga  kagetan gitumimn yg bersahaja gitu ko   rakyat kecillove you k jokow "
"320"," biar  hemat jokowi  periodelanjut  periode "
"321"," silahkan jokowi  periode tolakriode "
"322","gila    dengar orang  gawat ta     tahupresiden jokowi matian biar dunia begi "
"323","  da les lesan   k jokowi  periode"
"324"," lu dendam  ama jokowi  meritahan sah  riode wkwkwkwkw"
"325","  jokowi  riode ngain aja  mbangunan merata  i "
"326"," elu sam ngkat mayor nggak cuku riode  merintahan  tuh orang ud "
"327"," jokowi   riode bong"
"328"," si bak aloysius kena ank wacana jok "
"329"," riode jokowi   kerja kerja kerja tan otakkejadian imr  berulang  disisi  jkw b "
"330","  kasih  tuh junjungan elu   ditinggalin beban k jokowi suruh aja k jokowi "
"331"," klo k jokowi langsung ditetaan  jdi esiden utk  riode keden gimana setuju ga "
"332"," nggak masuk gorong  k sia tau   riode"
"333","  knngebet gantiin k jokowi  beban  den berat kena ga  k jokowi  r "
"334","kebodohan  dimerin dum kebebasan berbicara  berkuml  dijamin  konstitusi jd a yg  "
"335","jokowi  riode "
"336"," pendukung jokowi  menolak  riode   menghenda "
"337"," mudahan undang ngangkatan langsung  riode  dibuatta undangnya berlaku   "
"338"," sia yg  nambah  riodeada bukti   bacotan ngawurkarena k jokowi su "
"339","presiden jokowi taat konstitusi tolak wacana esiden  riode "
"340","  rnah  menyesal memilih jokowi  periode dibandingkan nyesalan  memilih sby  riode"
"341","pks khawatir wacana presiden  periode  hidukarena relawan jokowi  kuml covid "
"342"," kasian kadrun hidumereka merana    alagi jokowi   riode  rah gilanya kadrun"
"343","insyallah tan b keluarga am kroni indonesia  maju  kl  nambah riode  mencalonkan  "
"344","  anies langsung ditetaan  esiden  riode gak  milu   keselama "
"345","penipuan identitas politikyang diundang ra ngajian ibuibu jabodetabek didukung tra "
"346","penipuan identitas politikyang diundang ra ngajian ibuibu jabodetabek didukung tra "
"347"," an   pdb   ratio utang turun     tan   lu  "
"348","   setuju dg statement rocky gerung yg inikalau jenuh   wacana  riode yg   "
"349","dukung jokowi  riode "
"350"," lo gak bahas janji litik k jokowi   riode akah terealisasi   lo jelasi "
"351","   rnah tuliskan cm engka "
"352"," jokowi  periodeindonesia ndah tanganrri  ganti  rrc"
"353","ketua joman  urgensi acara nusantara bersatu   munculkan wacana  periode jokowi "
"354","lantas jokowi  nyaman  relawan  parl parl   ling  jokowi nyaman akah wacan "
"355","  riode kudu dirjuangkan"
"356","   riode  jokowi"
"357","  lanyalla silahkan jokowi  periode "
"358"," lanyalla silahkan jokowi  periode tolakriode tolaknundaanmilu lanyalla"
"359"," ganjar  kuat diback uong  k de mega lih ganjar bagus mega lih an damngi abowo "
"360"," titik jenuh  rakyat yg terlilit ekonomi sulit  jokowi ong  lingkarannya   titik jen "
"361","xin ping  riode rakyat cina   rlawananpak jokowi semoga  semaruk xin ping "
"362"," tidaksedari  mnjd timses jokowi  riode rtama n  tetatidak"
"363"," yg  nya clongingan sun yg  riode jokowi"
"364","  kalo  mbahasan revisi uu rnjangan dr  jd  riode  ente  "
"365","  esiden yg usang  th yg   tambahan   riode"
"366"," lo mah berita yg blm  bener dircaya bro ko lo yg doain k "
"367","  jokowi  kali kalah  sumbar ta kna   presiden  riode ya "
"368","  uud hny  riode  k jokowi  maubayangkan  th  jokowi  soeharto st "
"369"," bukti kalo jokowi layak  esiden  riode  "
"370","  rakyat  jawa baratbangga  berharajokowi  riode"
"371","presiden   rumah duka keluarga ferry mursyidan baldan mantan menteri atrbpn kabinet jokowi riod "
"372"," iya kayak gerombolan kadrun dr riode rtama sami  hobynya demo jokowi suruh mundur sayang "
"373","  biarkan k jokowi mengemban tugas  esiden utk riode yg   biar hutang  bs diselesaikan"
"374","   harga bbm dinaikkan lagikan subsidi listrik dicabutkan nggalakan penerimaan pajak dar "
"375"," allah sdh  jalan terbaik   kerc "
"376"," rakyat  yg kau bioang bosan  kemimnan k jokowi  aja yg  merusak "
"377"," rakyat indonesia rela dimn jokowi am ganjar  riode "
"378"," yaudah gimana kalo  narasi anies  langsung diangkat  esiden  riode  "
"379","   k jokowi    riode dulujatahnya wan god    esiden yg   "
"380"," ya mending jokowi  riode  indonesia    "
"381"," giliran narasi jokowi  riode da teriak giliran kebutuhan  ab suruh  riode kek anak "
"382"," kuota  emang heh peak berdirilah dikaki mu  harga  raky "
"383"," otak kalut sti kena stroke otak    mati akibat mikirin jokowi  riode n "
"384","   kadrun membully jokowi dibilang pki dibilang mukanya "
"385"," kerenkue hasil angunan kinerja jokowi  engkau nikmati jugasetiawarga s "
"386"," maaf kalo  berfikir maju  konsisten  negara mobil esemka yg legend    iorit "
"387","    akaljoko silahkan   jokowi  riode indonesia  milik kali "
"388"," ngiritan biaya milu   setujuta sertijab esiden waes mentri dll  tetamahal  m "
"389"," jokowi  riode"
"390","    lumrah  aceh   sejarahnya caes pdip menang  acehpak sby non pdip  "
"391","    ntar ngomongin  sendirimdhan   bak    dendam da "
"392","  mendukung  riode buwat bak jokowi"
"393"," pakde jokowi  riode  ta stikan esiden   nerus  ngganti"
"394","  orang  bersih hatinya   mengerti isi berita   jokowi   esiden ri  riode"
"395","  grombolan nya tawarin  riode oke oke   riode koru riode  koru "
"396","walo aq dukung trs jokowi tsejak  aq trus ngetawain janji kamnye jokowi ttg langgaran ham berat "
"397","  dukung sia ojojokowi  riode   "
"398","  klo prabowo yg waes klo prabowo caes  deh riode    gak nya gagasan k "
"399"," pemilu  harga mati  menunda  menyalahi uu  menambah ms jabatan mjd  periode  peng "
"400","waahkeren l p jokowi andai   riode klik  lihat kontennya "
"401","   kalianlah  bongak bodoh  menjilat rmen manis kebohong "
"402","bener bikin suksessam  riode org  berubahyg tdk  diubah     "
"403"," kacrut banget hahaha  mikiran ky gitu ya ntes aja jokowi  riode "
"404","  "
"405"," susah mas  ndukung anies   yg benci jokowi   riode  dana tau "
"406","  ga normal gue mah ga sing bro emangnya lo ngakunya wara "
"407","presiden jokowi   menolak usulan rnjangan  jabatan esiden  riodehal  disamikan "
"408"," iya kebalikannya kl  tolak jokowi  riode krn melanggar konstitusi eh  bilangkalo rakyat "
"409"," negri   maju yg hancur  otak  kiranmu   riode jokowi otak  "
"410"," darida lesan  buang dana yg   utk rsatuan  kesatuan bangsa indonesia  bai "
"411"," kadrunn sakit hati jokowi  riode   aja  cebong move on tolol"
"412","kereta a rtama  sulawesi  kelar  era jokowi presiden   riode ngain aja ya  "
"413"," ya sti mimn  lahjokowi  udh  riodeyg sti mimn barunya  pecatanngurus "
"414","  beda skrg jokowi sdh tdk   riode "
"415"," gobloknya rakyat indonesiadibohongi jokowi sami  riode"
"416"," bagaimanan jokowi  esiden  terlih  milu    riode "
"417"," jawabanya  siml  k jokowi  riode"
"418","    menjabat  periode  pesimis ta  bak tidk  terlih kecuali "
"419"," berndat a  bebas silahkan  menyebut  dorong jokowi  periode  bisaatau a aja "
"420"," jokowi esiden  riodesementara elo  tukang fitnah yg berkela botakwkwk"
"421","  rcaya jokowi  riode darida ginian sih"
"422"," mumng    pdip golkar  berseberangan   kesemtan utk makzulkan jokow "
"423"," jokowi   dilih warga aceh ta tetamenang  esiden  riode "
"424","  suka terobosan k jokowi lanjutkan  riode"
"425","rizal ramli blak blakan dendam jokowi  cemen am luhut otak  periode via "
"426"," udah diem   lemr sendal k abowopak jokowi ogah  riode jatah k abowo  k ganjar"
"427","  jokowi  esiden  riode anis   caes eciden doang belom    eciden muhehehe "
"428"," dukung jokowi  riode"
"429","presiden jokowi  periode "
"430","  lih jokowi   riode"
"431","   nyinyir bongfaktanya  kemarin  undangacara jokowi gerilya  riodeundangan "
"432"," maunya milu tu   mpr  ambisi  riode"
"433"," pemerintah mmg kliatan normal lu yg gk normal tinggal nunggu  "
"434"," iya msh aman  r t     t mayan  modal  riode nanggung  jokowi habisin aja sisanya "
"435","  jerman fokus kamnye aja sih  kabarnya   jokowi  menang  riode  kai ti "
"436","imingiminga yg trjadi trhdnegeri   d dileskan    ulang  atasyahimingiming j "
"437","  bangga  mobil iniasli buatan nkrihidu riode "
"438"," semenjak jokowi jd esiden hidunya kaum bani kadrun bener  menyedihkan tiada  "
"439"," faktanya terbalik   riode jokowi kpk  kebiri  dilemahkan nyadan dibatas "
"440"," ambigujokowi dilarang  riode  anies mah   didukung"
"441","menkominfo  rkembangan teknologi digital    terles  ra rintis keb "
"442"," bonus  riode  rakyat coba hebatnya dimana klo emg  akui hebat  ngka "
"443"," jokowi menang  riode   karna ngk  lihan   aja  yg sombong"
"444","  sami  jokowi esiden yg terbaik  ra nggantinya  diragukan kemamannyaja "
"445"," sami  jokowi esiden yg terbaik  ra nggantinya  diragukan kemamannyajangan ambil "
"446"," nunggu jokowi  riode"
"447","  sami  jokowi esiden yg terbaik  ra nggantinya  diragukan kemamannyajang "
"448"," takut kehilangan job lu bong klo jokowi gk  riode lu  jd sales"
"449"," den jokowi teriak  riodeden ganjar dukung nyaesbahhhh lllluuuullll"
"450","  baca k suya ham   dibangun   jalan tol    njela "
"451"," jokowi lanjutkan  riode"
"452","relawan   partai bikin partai relawan jokowi  periode  "
"453"," setuju k de jokowi  riode     utk indonesia hebat  kuat"
"454","oii cebong goblok  tolol alasannya   harajokowi  riode  buta hukum buta undang undang ali "
"455","    rioe lanyalla silahkan jokowi  periode "
"456"," biar  hemat jokowi  periodelanjut  periode "
"457","   hancur  riode "
"458"," sya  jokowi   periode"
"459"," sby tan bebanjokowi  sibuk dahal   tahunawal jabat riode  bi "
"460","  sur narasi k presiden   den ndidikan indonesia  ra guru  tuman ban "
"461","  yg menyuarakan jokowi  riode mreka teriak melanggar konstitusisaat  yg usul milihan esiden kem "
"462","  yg tdk melanggar hukum klo   "
"463","  k jokowi  riode  allah  tetak jokowi yg memimn negara "
"464","anies baswedan vs jokowibanyak  akunakun litik  membandingkan  anies baswedan  jokowi me "
"465"," aneh banget si  akun  membandingkan anies baswedan  jokowi jokowi "
"466"," la melu emang  riode sukses "
"467"," jokowi  udah berhasil  esiden  riode  gak  membandingkan ya"
"468"," lanyalla silahkan jokowi  periode tolakriode "
"469","  riode  lanyalla silahkan jokowi  periode "
"470","    lanyalla silahkan jokowi  periode tolakriode "
"471","takziyah  rumah duka ferry mursyidan jokowi dunia perlitikan indonesia kehilangan tokoh   presiden j "
"472"," wuih keren jokowi disambut meriah  aceh tan imingiming sembako  uang ceban keren hidu "
"473","  menuntut jokowi mundur  bersatu dukung jokowi  riode biar kadrun kebakaran jenggotkaum goblog"
"474","redaksional narasi kulture  keren lan majlebkulture kesenian  kebudayaan nusantara  senjata m "
"475"," udah seringggg  menolak  riodeyg nama "
"476","san tersembunyi cari tensi jak  mengurangi subsidi harga hamr  kebutuhan    "
"477"," yg namanya aturan  riode tetedi laksanaka "
"478","  negara maritim maun negara agraris  rcuma kalo negara yg diwakili merintahan  be "
"479","  eksrimen indonesia  riode rtama da "
"480"," ty dewakerang  rkosa  hukum dasar   riode  dewakerang  mul "
"481"," tasline  yo ngine k jkw  riode loh k tyo terserah wis nggantine   b "
"482"," joko cm rlu  riode  atur  galaksi "
"483"," dewalt butuh  riode biar  atur freert "
"484"," sia ling beruntung  menikmati terlihnya anies hasil  pilkada    umat krist "
"485","setunggal riode maleh k esiden  "
"486","setunggal riode maleh k esiden  "
"487","setunggal riode maleh k esiden hebat  manta nekad  "
"488"," jokowi sdh memimn indonesia   riode   rakyat  diajukan lgi  maju  "
"489"," presiden jokowi sdh memimn indonesia   riode  klo diajukan lgi  esiden utk riode  "
"490","  kayak     menggoreng isu kalo pakde   riode"
"491","ferry mursyidan baldan menteri atr periode  jokowi meninggal dunia turutberdukacita"
"492","firasat  prabowo   k jokowi  presidenta  kncuma  riode"
"493","  jokowi tau  krn  dilih rakyat  riode mknya kerja keras  rakyatnya dn emangnya "
"494","   disekati jokowi  riode kena "
"495","kasian mulut kuda nil  kayaknya stress berat untung dak sami stroke  ya kalo sami k jokowi  "
"496","   bak presiden    taat terhadaraturan  dimana  uu kons "
"497","mendesak  k mohon rhatian  kpu   berterimakasih  bak    menola "
"498","  gw ojo bro gw riode  coblos klo skrang ekonomi ancur  fakta kta kgk bsa ngeles lgi k "
"499"," saran relawan jokowi bikin acara jokowi  riode   saingin kaum kadrun  nkri croscek kekuatan les"
"500","  lu anies timsukses jokowi riode  begitun nasdemmereka  sdh nya kartu as  "
